{
    "accuracy": 0.9395235186316433,
    "precision": 0.8186528497409327,
    "recall": 0.7117117117117117
}
